language,model_type,model_subtype,title,title and first paragraph,title and 5 sentences,title and 10 sentences,title and first sentence each paragraph,raw text
en,Binary Relevance kNN,Natively Multilabel,0.54 $\pm$ 0.01,0.59 $\pm$ 0.02,0.61 $\pm$ 0.03,0.62 $\pm$ 0.02,0.63 $\pm$ 0.01,0.64 $\pm$ 0.03
en,ComplementNB,RakelD Partitioning of labels,0.60 $\pm$ 0.01,0.65 $\pm$ 0.02,0.66 $\pm$ 0.02,0.67 $\pm$ 0.02,0.68 $\pm$ 0.01,**0.69 $\pm$ 0.01**
en,KNN,BorderlineSMOTE,0.57 $\pm$ 0.00,0.62 $\pm$ 0.01,0.63 $\pm$ 0.02,0.65 $\pm$ 0.01,0.65 $\pm$ 0.01,0.66 $\pm$ 0.00
en,KNN,No Upsampling,0.57 $\pm$ 0.01,0.59 $\pm$ 0.02,0.61 $\pm$ 0.01,0.63 $\pm$ 0.02,0.65 $\pm$ 0.02,0.66 $\pm$ 0.01
en,KNN,Random Oversampling,0.58 $\pm$ 0.02,0.62 $\pm$ 0.02,0.62 $\pm$ 0.01,0.64 $\pm$ 0.02,0.65 $\pm$ 0.02,0.66 $\pm$ 0.01
en,KNN,SMOTE,0.59 $\pm$ 0.01,0.63 $\pm$ 0.01,0.62 $\pm$ 0.02,0.65 $\pm$ 0.01,0.66 $\pm$ 0.01,0.67 $\pm$ 0.01
en,KNN,SVMSMOTE,0.57 $\pm$ 0.01,0.63 $\pm$ 0.01,0.64 $\pm$ 0.02,0.65 $\pm$ 0.02,0.65 $\pm$ 0.01,0.67 $\pm$ 0.01
en,LinearSVM,BorderlineSMOTE,0.60 $\pm$ 0.00,0.65 $\pm$ 0.00,0.66 $\pm$ 0.02,0.67 $\pm$ 0.01,0.68 $\pm$ 0.01,**0.69 $\pm$ 0.01**
en,LinearSVM,No Upsampling,0.60 $\pm$ 0.00,0.65 $\pm$ 0.01,0.66 $\pm$ 0.02,0.68 $\pm$ 0.01,0.68 $\pm$ 0.01,**0.69 $\pm$ 0.01**
en,LinearSVM,RakelD Partitioning of labels,0.59 $\pm$ 0.01,0.65 $\pm$ 0.01,0.66 $\pm$ 0.02,0.67 $\pm$ 0.01,0.68 $\pm$ 0.01,**0.69 $\pm$ 0.01**
en,LinearSVM,Random Oversampling,0.60 $\pm$ 0.00,0.64 $\pm$ 0.01,0.66 $\pm$ 0.02,0.67 $\pm$ 0.01,0.68 $\pm$ 0.01,**0.69 $\pm$ 0.01**
en,LinearSVM,SMOTE,0.60 $\pm$ 0.01,0.65 $\pm$ 0.01,0.66 $\pm$ 0.02,0.67 $\pm$ 0.01,0.68 $\pm$ 0.01,**0.69 $\pm$ 0.01**
en,LogisticRegression,BorderlineSMOTE,0.55 $\pm$ 0.01,0.60 $\pm$ 0.02,0.60 $\pm$ 0.02,0.62 $\pm$ 0.01,0.65 $\pm$ 0.01,0.66 $\pm$ 0.01
en,LogisticRegression,No Upsampling,0.55 $\pm$ 0.01,0.59 $\pm$ 0.02,0.60 $\pm$ 0.02,0.62 $\pm$ 0.01,0.64 $\pm$ 0.01,0.65 $\pm$ 0.01
en,LogisticRegression,Random Oversampling,0.55 $\pm$ 0.01,0.59 $\pm$ 0.02,0.60 $\pm$ 0.02,0.62 $\pm$ 0.01,0.64 $\pm$ 0.01,0.66 $\pm$ 0.01
en,LogisticRegression,SMOTE,0.55 $\pm$ 0.01,0.59 $\pm$ 0.02,0.60 $\pm$ 0.02,0.62 $\pm$ 0.01,0.64 $\pm$ 0.01,0.65 $\pm$ 0.01
en,LogisticRegression,SVMSMOTE,0.55 $\pm$ 0.00,0.58 $\pm$ 0.02,0.60 $\pm$ 0.01,0.61 $\pm$ 0.01,0.63 $\pm$ 0.01,0.65 $\pm$ 0.01
en,LogisticRegressionElasticNet,BorderlineSMOTE,0.56 $\pm$ 0.01,0.62 $\pm$ 0.01,0.63 $\pm$ 0.01,0.64 $\pm$ 0.01,0.66 $\pm$ 0.01,0.67 $\pm$ 0.01
en,LogisticRegressionElasticNet,No Upsampling,0.57 $\pm$ 0.01,0.62 $\pm$ 0.02,0.62 $\pm$ 0.02,0.64 $\pm$ 0.01,0.66 $\pm$ 0.01,0.67 $\pm$ 0.01
en,LogisticRegressionElasticNet,Random Oversampling,0.57 $\pm$ 0.02,0.62 $\pm$ 0.02,0.62 $\pm$ 0.02,0.64 $\pm$ 0.01,0.65 $\pm$ 0.01,0.66 $\pm$ 0.01
en,LogisticRegressionElasticNet,SMOTE,0.56 $\pm$ 0.02,0.62 $\pm$ 0.01,0.62 $\pm$ 0.02,0.64 $\pm$ 0.01,0.65 $\pm$ 0.01,0.67 $\pm$ 0.00
en,LogisticRegressionElasticNet,SVMSMOTE,0.56 $\pm$ 0.02,0.62 $\pm$ 0.02,0.63 $\pm$ 0.01,0.64 $\pm$ 0.03,0.65 $\pm$ 0.02,0.67 $\pm$ 0.01
en,LogisticRegressionLasso,BorderlineSMOTE,0.55 $\pm$ 0.01,0.61 $\pm$ 0.02,0.61 $\pm$ 0.01,0.63 $\pm$ 0.01,0.64 $\pm$ 0.01,0.66 $\pm$ 0.01
en,LogisticRegressionLasso,No Upsampling,0.55 $\pm$ 0.01,0.61 $\pm$ 0.02,0.62 $\pm$ 0.02,0.64 $\pm$ 0.02,0.64 $\pm$ 0.00,0.67 $\pm$ 0.01
en,LogisticRegressionLasso,Random Oversampling,0.55 $\pm$ 0.01,0.61 $\pm$ 0.02,0.62 $\pm$ 0.02,0.63 $\pm$ 0.02,0.64 $\pm$ 0.01,0.66 $\pm$ 0.01
en,LogisticRegressionLasso,SMOTE,0.55 $\pm$ 0.02,0.61 $\pm$ 0.02,0.62 $\pm$ 0.02,0.63 $\pm$ 0.02,0.64 $\pm$ 0.01,0.67 $\pm$ 0.01
en,LogisticRegressionLasso,SVMSMOTE,0.55 $\pm$ 0.00,0.60 $\pm$ 0.02,0.62 $\pm$ 0.02,0.63 $\pm$ 0.01,0.64 $\pm$ 0.02,0.66 $\pm$ 0.01
en,LogisticRegressionRidge,BorderlineSMOTE,0.60 $\pm$ 0.01,0.65 $\pm$ 0.00,0.66 $\pm$ 0.02,0.66 $\pm$ 0.01,0.68 $\pm$ 0.01,0.68 $\pm$ 0.01
en,LogisticRegressionRidge,No Upsampling,0.59 $\pm$ 0.01,0.64 $\pm$ 0.01,0.66 $\pm$ 0.02,0.67 $\pm$ 0.01,0.68 $\pm$ 0.01,**0.69 $\pm$ 0.01**
en,LogisticRegressionRidge,RakelD Partitioning of labels,0.62 $\pm$ 0.01,0.67 $\pm$ 0.01,0.68 $\pm$ 0.01,0.68 $\pm$ 0.02,**0.69 $\pm$ 0.01**,**0.69 $\pm$ 0.01**
en,LogisticRegressionRidge,Random Oversampling,0.60 $\pm$ 0.01,0.65 $\pm$ 0.01,0.66 $\pm$ 0.02,0.67 $\pm$ 0.01,0.68 $\pm$ 0.01,**0.69 $\pm$ 0.01**
en,LogisticRegressionRidge,SMOTE,0.60 $\pm$ 0.01,0.65 $\pm$ 0.01,0.67 $\pm$ 0.02,0.66 $\pm$ 0.00,0.68 $\pm$ 0.01,**0.69 $\pm$ 0.02**
en,LogisticRegressionRidge,SVMSMOTE,0.60 $\pm$ 0.00,0.65 $\pm$ 0.01,0.66 $\pm$ 0.02,0.67 $\pm$ 0.02,0.67 $\pm$ 0.01,0.68 $\pm$ 0.01
en,Multi-label ARAM,Natively Multilabel,0.35 $\pm$ 0.13,0.26 $\pm$ 0.13,0.38 $\pm$ 0.03,0.40 $\pm$ 0.04,0.43 $\pm$ 0.01,0.37 $\pm$ 0.02
en,Multilabel k Nearest Neighbours,Natively Multilabel,0.55 $\pm$ 0.00,0.63 $\pm$ 0.01,0.64 $\pm$ 0.02,0.62 $\pm$ 0.01,0.65 $\pm$ 0.01,0.64 $\pm$ 0.01
en,NaiveBayes,BorderlineSMOTE,0.60 $\pm$ 0.00,0.66 $\pm$ 0.01,0.67 $\pm$ 0.01,0.68 $\pm$ 0.01,**0.69 $\pm$ 0.01**,**0.69 $\pm$ 0.01**
en,NaiveBayes,No Upsampling,0.60 $\pm$ 0.00,0.66 $\pm$ 0.01,0.67 $\pm$ 0.01,0.68 $\pm$ 0.02,0.68 $\pm$ 0.01,**0.69 $\pm$ 0.01**
en,NaiveBayes,Random Oversampling,0.60 $\pm$ 0.01,0.66 $\pm$ 0.01,0.67 $\pm$ 0.02,0.68 $\pm$ 0.02,0.68 $\pm$ 0.01,**0.69 $\pm$ 0.01**
en,NaiveBayes,SMOTE,0.61 $\pm$ 0.01,0.66 $\pm$ 0.01,0.68 $\pm$ 0.02,0.68 $\pm$ 0.02,0.68 $\pm$ 0.01,**0.69 $\pm$ 0.01**
en,NaiveBayes,SVMSMOTE,0.60 $\pm$ 0.01,0.66 $\pm$ 0.01,0.67 $\pm$ 0.02,0.68 $\pm$ 0.02,0.68 $\pm$ 0.01,**0.69 $\pm$ 0.01**
en,RandomForest,BorderlineSMOTE,0.49 $\pm$ 0.03,0.59 $\pm$ 0.02,0.63 $\pm$ 0.02,0.65 $\pm$ 0.01,0.66 $\pm$ 0.01,0.68 $\pm$ 0.01
en,RandomForest,No Upsampling,0.49 $\pm$ 0.03,0.60 $\pm$ 0.03,0.62 $\pm$ 0.02,0.65 $\pm$ 0.01,0.66 $\pm$ 0.02,**0.69 $\pm$ 0.01**
en,RandomForest,Random Oversampling,0.50 $\pm$ 0.05,0.59 $\pm$ 0.02,0.63 $\pm$ 0.03,0.65 $\pm$ 0.01,0.67 $\pm$ 0.01,0.68 $\pm$ 0.01
en,RandomForest,SMOTE,0.50 $\pm$ 0.04,0.59 $\pm$ 0.02,0.63 $\pm$ 0.02,0.65 $\pm$ 0.01,0.66 $\pm$ 0.02,0.68 $\pm$ 0.01
en,RandomForest,SVMSMOTE,0.48 $\pm$ 0.03,0.60 $\pm$ 0.02,0.63 $\pm$ 0.02,0.64 $\pm$ 0.01,0.66 $\pm$ 0.01,0.68 $\pm$ 0.02
en,RidgeClassifier,BorderlineSMOTE,0.58 $\pm$ 0.01,0.61 $\pm$ 0.01,0.64 $\pm$ 0.02,0.66 $\pm$ 0.01,0.67 $\pm$ 0.01,0.68 $\pm$ 0.01
en,RidgeClassifier,No Upsampling,0.59 $\pm$ 0.01,0.63 $\pm$ 0.01,0.65 $\pm$ 0.02,0.67 $\pm$ 0.02,0.68 $\pm$ 0.02,**0.69 $\pm$ 0.01**
en,RidgeClassifier,Random Oversampling,0.59 $\pm$ 0.01,0.62 $\pm$ 0.01,0.64 $\pm$ 0.02,0.66 $\pm$ 0.03,0.67 $\pm$ 0.01,**0.69 $\pm$ 0.02**
en,RidgeClassifier,SMOTE,0.59 $\pm$ 0.01,0.61 $\pm$ 0.02,0.63 $\pm$ 0.01,0.66 $\pm$ 0.01,0.67 $\pm$ 0.01,0.68 $\pm$ 0.01
en,RidgeClassifier,SVMSMOTE,0.59 $\pm$ 0.01,0.61 $\pm$ 0.01,0.65 $\pm$ 0.02,0.66 $\pm$ 0.01,0.67 $\pm$ 0.01,0.68 $\pm$ 0.01
en,SVM,BorderlineSMOTE,0.61 $\pm$ 0.01,0.64 $\pm$ 0.02,0.66 $\pm$ 0.02,0.67 $\pm$ 0.01,0.68 $\pm$ 0.01,**0.69 $\pm$ 0.01**
en,SVM,No Upsampling,0.61 $\pm$ 0.01,0.65 $\pm$ 0.02,0.67 $\pm$ 0.02,0.67 $\pm$ 0.01,0.68 $\pm$ 0.01,**0.69 $\pm$ 0.01**
en,SVM,RakelD Partitioning of labels,0.60 $\pm$ 0.01,0.65 $\pm$ 0.01,0.66 $\pm$ 0.03,0.67 $\pm$ 0.01,0.68 $\pm$ 0.01,**0.69 $\pm$ 0.01**
en,SVM,Random Oversampling,0.60 $\pm$ 0.01,0.65 $\pm$ 0.01,0.67 $\pm$ 0.02,0.67 $\pm$ 0.02,0.68 $\pm$ 0.01,**0.69 $\pm$ 0.01**
en,SVM,SMOTE,0.61 $\pm$ 0.01,0.64 $\pm$ 0.01,0.66 $\pm$ 0.01,0.67 $\pm$ 0.01,0.68 $\pm$ 0.01,**0.69 $\pm$ 0.01**
en,SVM,SVMSMOTE,0.61 $\pm$ 0.02,0.65 $\pm$ 0.02,0.66 $\pm$ 0.02,0.67 $\pm$ 0.02,0.68 $\pm$ 0.01,**0.69 $\pm$ 0.01**
en,XGBoost,BorderlineSMOTE,0.60 $\pm$ 0.01,0.62 $\pm$ 0.02,0.64 $\pm$ 0.01,0.64 $\pm$ 0.01,0.67 $\pm$ 0.02,0.67 $\pm$ 0.02
en,XGBoost,No Upsampling,0.60 $\pm$ 0.01,0.62 $\pm$ 0.03,0.63 $\pm$ 0.03,0.64 $\pm$ 0.01,0.65 $\pm$ 0.02,0.66 $\pm$ 0.01
en,XGBoost,Random Oversampling,0.60 $\pm$ 0.01,0.62 $\pm$ 0.03,0.63 $\pm$ 0.02,0.65 $\pm$ 0.02,0.66 $\pm$ 0.02,0.67 $\pm$ 0.01
en,XGBoost,SMOTE,0.60 $\pm$ 0.01,0.63 $\pm$ 0.02,0.64 $\pm$ 0.01,0.65 $\pm$ 0.01,0.66 $\pm$ 0.02,0.67 $\pm$ 0.02
en,XGBoost,SVMSMOTE,0.60 $\pm$ 0.01,0.63 $\pm$ 0.02,0.63 $\pm$ 0.02,0.65 $\pm$ 0.02,0.66 $\pm$ 0.02,0.67 $\pm$ 0.01
fr,Binary Relevance kNN,Natively Multilabel,0.26 $\pm$ 0.02,0.30 $\pm$ 0.02,0.31 $\pm$ 0.03,0.36 $\pm$ 0.02,0.30 $\pm$ 0.01,0.37 $\pm$ 0.01
fr,ComplementNB,RakelD Partitioning of labels,0.44 $\pm$ 0.01,0.45 $\pm$ 0.04,0.49 $\pm$ 0.03,0.49 $\pm$ 0.03,0.50 $\pm$ 0.01,0.55 $\pm$ 0.04
fr,KNN,BorderlineSMOTE,0.45 $\pm$ 0.01,0.41 $\pm$ 0.02,0.42 $\pm$ 0.01,0.46 $\pm$ 0.01,0.47 $\pm$ 0.02,0.49 $\pm$ 0.01
fr,KNN,No Upsampling,0.36 $\pm$ 0.02,0.33 $\pm$ 0.02,0.35 $\pm$ 0.03,0.41 $\pm$ 0.03,0.38 $\pm$ 0.02,0.45 $\pm$ 0.03
fr,KNN,Random Oversampling,0.44 $\pm$ 0.01,0.41 $\pm$ 0.01,0.44 $\pm$ 0.01,0.47 $\pm$ 0.02,0.47 $\pm$ 0.01,0.51 $\pm$ 0.01
fr,KNN,SMOTE,0.44 $\pm$ 0.01,0.42 $\pm$ 0.02,0.44 $\pm$ 0.02,0.47 $\pm$ 0.03,0.47 $\pm$ 0.01,0.50 $\pm$ 0.01
fr,KNN,SVMSMOTE,0.41 $\pm$ 0.01,0.39 $\pm$ 0.04,0.42 $\pm$ 0.01,0.45 $\pm$ 0.02,0.45 $\pm$ 0.01,0.50 $\pm$ 0.01
fr,LinearSVM,BorderlineSMOTE,0.43 $\pm$ 0.03,0.42 $\pm$ 0.02,0.47 $\pm$ 0.01,0.48 $\pm$ 0.03,0.49 $\pm$ 0.01,0.52 $\pm$ 0.02
fr,LinearSVM,No Upsampling,0.42 $\pm$ 0.00,0.43 $\pm$ 0.02,0.48 $\pm$ 0.02,0.48 $\pm$ 0.03,0.49 $\pm$ 0.01,0.53 $\pm$ 0.02
fr,LinearSVM,RakelD Partitioning of labels,0.42 $\pm$ 0.00,0.42 $\pm$ 0.02,0.48 $\pm$ 0.01,0.48 $\pm$ 0.02,0.50 $\pm$ 0.01,0.53 $\pm$ 0.00
fr,LinearSVM,Random Oversampling,0.42 $\pm$ 0.00,0.42 $\pm$ 0.02,0.48 $\pm$ 0.01,0.48 $\pm$ 0.02,0.48 $\pm$ 0.01,0.52 $\pm$ 0.00
fr,LinearSVM,SMOTE,0.42 $\pm$ 0.03,0.42 $\pm$ 0.02,0.47 $\pm$ 0.03,0.47 $\pm$ 0.01,0.49 $\pm$ 0.01,0.52 $\pm$ 0.02
fr,LogisticRegression,BorderlineSMOTE,0.41 $\pm$ 0.01,0.38 $\pm$ 0.03,0.40 $\pm$ 0.02,0.41 $\pm$ 0.03,0.45 $\pm$ 0.03,0.49 $\pm$ 0.01
fr,LogisticRegression,No Upsampling,0.38 $\pm$ 0.01,0.34 $\pm$ 0.01,0.38 $\pm$ 0.02,0.39 $\pm$ 0.03,0.43 $\pm$ 0.03,0.46 $\pm$ 0.03
fr,LogisticRegression,Random Oversampling,0.39 $\pm$ 0.01,0.34 $\pm$ 0.01,0.38 $\pm$ 0.01,0.39 $\pm$ 0.05,0.43 $\pm$ 0.01,0.46 $\pm$ 0.02
fr,LogisticRegression,SMOTE,0.41 $\pm$ 0.01,0.34 $\pm$ 0.01,0.37 $\pm$ 0.01,0.39 $\pm$ 0.03,0.42 $\pm$ 0.02,0.46 $\pm$ 0.02
fr,LogisticRegression,SVMSMOTE,0.40 $\pm$ 0.01,0.34 $\pm$ 0.02,0.36 $\pm$ 0.01,0.39 $\pm$ 0.05,0.42 $\pm$ 0.01,0.45 $\pm$ 0.02
fr,LogisticRegressionElasticNet,BorderlineSMOTE,0.42 $\pm$ 0.00,0.39 $\pm$ 0.01,0.42 $\pm$ 0.03,0.44 $\pm$ 0.01,0.45 $\pm$ 0.01,0.51 $\pm$ 0.02
fr,LogisticRegressionElasticNet,No Upsampling,0.40 $\pm$ 0.02,0.38 $\pm$ 0.01,0.44 $\pm$ 0.02,0.45 $\pm$ 0.01,0.46 $\pm$ 0.00,0.51 $\pm$ 0.01
fr,LogisticRegressionElasticNet,Random Oversampling,0.41 $\pm$ 0.02,0.39 $\pm$ 0.01,0.44 $\pm$ 0.02,0.44 $\pm$ 0.01,0.44 $\pm$ 0.02,0.51 $\pm$ 0.01
fr,LogisticRegressionElasticNet,SMOTE,0.41 $\pm$ 0.02,0.36 $\pm$ 0.01,0.43 $\pm$ 0.02,0.43 $\pm$ 0.01,0.45 $\pm$ 0.01,0.51 $\pm$ 0.03
fr,LogisticRegressionElasticNet,SVMSMOTE,0.41 $\pm$ 0.02,0.38 $\pm$ 0.02,0.43 $\pm$ 0.03,0.44 $\pm$ 0.01,0.46 $\pm$ 0.03,0.51 $\pm$ 0.00
fr,LogisticRegressionLasso,BorderlineSMOTE,0.42 $\pm$ 0.01,0.38 $\pm$ 0.03,0.41 $\pm$ 0.03,0.43 $\pm$ 0.02,0.44 $\pm$ 0.01,0.49 $\pm$ 0.01
fr,LogisticRegressionLasso,No Upsampling,0.41 $\pm$ 0.02,0.36 $\pm$ 0.02,0.41 $\pm$ 0.02,0.44 $\pm$ 0.02,0.45 $\pm$ 0.01,0.51 $\pm$ 0.02
fr,LogisticRegressionLasso,Random Oversampling,0.42 $\pm$ 0.02,0.35 $\pm$ 0.03,0.40 $\pm$ 0.01,0.44 $\pm$ 0.04,0.44 $\pm$ 0.04,0.51 $\pm$ 0.02
fr,LogisticRegressionLasso,SMOTE,0.41 $\pm$ 0.00,0.35 $\pm$ 0.04,0.41 $\pm$ 0.01,0.42 $\pm$ 0.03,0.43 $\pm$ 0.03,0.51 $\pm$ 0.02
fr,LogisticRegressionLasso,SVMSMOTE,0.41 $\pm$ 0.01,0.36 $\pm$ 0.03,0.40 $\pm$ 0.02,0.43 $\pm$ 0.01,0.43 $\pm$ 0.04,0.50 $\pm$ 0.02
fr,LogisticRegressionRidge,BorderlineSMOTE,0.42 $\pm$ 0.03,0.43 $\pm$ 0.02,0.46 $\pm$ 0.02,0.48 $\pm$ 0.03,0.48 $\pm$ 0.01,0.52 $\pm$ 0.00
fr,LogisticRegressionRidge,No Upsampling,0.42 $\pm$ 0.01,0.43 $\pm$ 0.02,0.48 $\pm$ 0.01,0.48 $\pm$ 0.02,0.49 $\pm$ 0.01,0.53 $\pm$ 0.02
fr,LogisticRegressionRidge,RakelD Partitioning of labels,0.44 $\pm$ 0.01,0.46 $\pm$ 0.03,0.48 $\pm$ 0.00,0.49 $\pm$ 0.02,0.50 $\pm$ 0.01,0.55 $\pm$ 0.02
fr,LogisticRegressionRidge,Random Oversampling,0.43 $\pm$ 0.04,0.42 $\pm$ 0.01,0.48 $\pm$ 0.01,0.47 $\pm$ 0.03,0.48 $\pm$ 0.00,0.53 $\pm$ 0.01
fr,LogisticRegressionRidge,SMOTE,0.42 $\pm$ 0.03,0.40 $\pm$ 0.02,0.45 $\pm$ 0.02,0.47 $\pm$ 0.01,0.47 $\pm$ 0.00,0.52 $\pm$ 0.01
fr,LogisticRegressionRidge,SVMSMOTE,0.42 $\pm$ 0.02,0.40 $\pm$ 0.02,0.43 $\pm$ 0.02,0.44 $\pm$ 0.03,0.47 $\pm$ 0.00,0.52 $\pm$ 0.00
fr,Multi-label ARAM,Natively Multilabel,0.25 $\pm$ 0.04,0.18 $\pm$ 0.03,0.14 $\pm$ 0.01,0.29 $\pm$ 0.02,0.29 $\pm$ 0.03,0.31 $\pm$ 0.06
fr,Multilabel k Nearest Neighbours,Natively Multilabel,0.34 $\pm$ 0.03,0.35 $\pm$ 0.03,0.39 $\pm$ 0.02,0.43 $\pm$ 0.03,0.40 $\pm$ 0.01,0.43 $\pm$ 0.01
fr,NaiveBayes,BorderlineSMOTE,0.44 $\pm$ 0.00,0.46 $\pm$ 0.03,0.49 $\pm$ 0.03,0.50 $\pm$ 0.02,0.51 $\pm$ 0.00,0.55 $\pm$ 0.02
fr,NaiveBayes,No Upsampling,0.44 $\pm$ 0.01,0.46 $\pm$ 0.04,0.49 $\pm$ 0.03,0.49 $\pm$ 0.03,0.50 $\pm$ 0.03,**0.56 $\pm$ 0.03**
fr,NaiveBayes,Random Oversampling,0.43 $\pm$ 0.02,0.46 $\pm$ 0.03,0.49 $\pm$ 0.03,0.49 $\pm$ 0.02,0.50 $\pm$ 0.02,**0.56 $\pm$ 0.02**
fr,NaiveBayes,SMOTE,0.44 $\pm$ 0.03,0.46 $\pm$ 0.02,0.49 $\pm$ 0.03,0.50 $\pm$ 0.01,0.50 $\pm$ 0.01,**0.56 $\pm$ 0.02**
fr,NaiveBayes,SVMSMOTE,0.44 $\pm$ 0.01,0.47 $\pm$ 0.03,0.48 $\pm$ 0.03,0.49 $\pm$ 0.02,0.50 $\pm$ 0.02,**0.56 $\pm$ 0.02**
fr,RandomForest,BorderlineSMOTE,0.32 $\pm$ 0.01,0.37 $\pm$ 0.04,0.40 $\pm$ 0.02,0.44 $\pm$ 0.03,0.43 $\pm$ 0.03,0.49 $\pm$ 0.02
fr,RandomForest,No Upsampling,0.33 $\pm$ 0.02,0.37 $\pm$ 0.03,0.40 $\pm$ 0.02,0.44 $\pm$ 0.02,0.42 $\pm$ 0.03,0.47 $\pm$ 0.03
fr,RandomForest,Random Oversampling,0.33 $\pm$ 0.01,0.36 $\pm$ 0.04,0.40 $\pm$ 0.02,0.44 $\pm$ 0.01,0.44 $\pm$ 0.02,0.48 $\pm$ 0.00
fr,RandomForest,SMOTE,0.32 $\pm$ 0.01,0.38 $\pm$ 0.04,0.37 $\pm$ 0.03,0.45 $\pm$ 0.02,0.42 $\pm$ 0.03,0.48 $\pm$ 0.03
fr,RandomForest,SVMSMOTE,0.33 $\pm$ 0.01,0.39 $\pm$ 0.04,0.40 $\pm$ 0.03,0.44 $\pm$ 0.02,0.43 $\pm$ 0.02,0.47 $\pm$ 0.03
fr,RidgeClassifier,BorderlineSMOTE,0.40 $\pm$ 0.03,0.31 $\pm$ 0.03,0.40 $\pm$ 0.02,0.44 $\pm$ 0.01,0.45 $\pm$ 0.02,0.50 $\pm$ 0.01
fr,RidgeClassifier,No Upsampling,0.40 $\pm$ 0.01,0.32 $\pm$ 0.02,0.40 $\pm$ 0.01,0.45 $\pm$ 0.02,0.46 $\pm$ 0.02,0.51 $\pm$ 0.01
fr,RidgeClassifier,Random Oversampling,0.39 $\pm$ 0.01,0.30 $\pm$ 0.01,0.36 $\pm$ 0.03,0.43 $\pm$ 0.02,0.44 $\pm$ 0.03,0.49 $\pm$ 0.02
fr,RidgeClassifier,SMOTE,0.41 $\pm$ 0.02,0.30 $\pm$ 0.03,0.36 $\pm$ 0.01,0.41 $\pm$ 0.03,0.43 $\pm$ 0.01,0.49 $\pm$ 0.01
fr,RidgeClassifier,SVMSMOTE,0.40 $\pm$ 0.01,0.30 $\pm$ 0.02,0.34 $\pm$ 0.01,0.43 $\pm$ 0.02,0.42 $\pm$ 0.02,0.49 $\pm$ 0.01
fr,SVM,BorderlineSMOTE,0.44 $\pm$ 0.02,0.44 $\pm$ 0.03,0.42 $\pm$ 0.02,0.46 $\pm$ 0.02,0.48 $\pm$ 0.02,0.52 $\pm$ 0.03
fr,SVM,No Upsampling,0.44 $\pm$ 0.02,0.44 $\pm$ 0.02,0.43 $\pm$ 0.04,0.46 $\pm$ 0.01,0.48 $\pm$ 0.01,0.52 $\pm$ 0.03
fr,SVM,RakelD Partitioning of labels,0.43 $\pm$ 0.02,0.40 $\pm$ 0.00,0.42 $\pm$ 0.03,0.45 $\pm$ 0.01,0.46 $\pm$ 0.02,0.50 $\pm$ 0.01
fr,SVM,Random Oversampling,0.42 $\pm$ 0.03,0.43 $\pm$ 0.03,0.42 $\pm$ 0.03,0.47 $\pm$ 0.03,0.47 $\pm$ 0.02,0.53 $\pm$ 0.01
fr,SVM,SMOTE,0.42 $\pm$ 0.04,0.41 $\pm$ 0.01,0.45 $\pm$ 0.03,0.46 $\pm$ 0.03,0.48 $\pm$ 0.01,0.53 $\pm$ 0.01
fr,SVM,SVMSMOTE,0.44 $\pm$ 0.03,0.41 $\pm$ 0.03,0.43 $\pm$ 0.01,0.46 $\pm$ 0.04,0.47 $\pm$ 0.00,0.53 $\pm$ 0.03
fr,XGBoost,BorderlineSMOTE,0.44 $\pm$ 0.02,0.43 $\pm$ 0.01,0.45 $\pm$ 0.02,0.44 $\pm$ 0.01,0.45 $\pm$ 0.02,0.50 $\pm$ 0.02
fr,XGBoost,No Upsampling,0.45 $\pm$ 0.04,0.41 $\pm$ 0.01,0.44 $\pm$ 0.01,0.44 $\pm$ 0.02,0.43 $\pm$ 0.02,0.49 $\pm$ 0.01
fr,XGBoost,Random Oversampling,0.44 $\pm$ 0.03,0.41 $\pm$ 0.01,0.44 $\pm$ 0.03,0.46 $\pm$ 0.01,0.44 $\pm$ 0.02,0.49 $\pm$ 0.00
fr,XGBoost,SMOTE,0.44 $\pm$ 0.02,0.43 $\pm$ 0.02,0.45 $\pm$ 0.01,0.45 $\pm$ 0.01,0.45 $\pm$ 0.03,0.50 $\pm$ 0.01
fr,XGBoost,SVMSMOTE,0.44 $\pm$ 0.02,0.42 $\pm$ 0.02,0.44 $\pm$ 0.02,0.45 $\pm$ 0.02,0.45 $\pm$ 0.03,0.50 $\pm$ 0.01
ge,Binary Relevance kNN,Natively Multilabel,0.35 $\pm$ 0.06,0.35 $\pm$ 0.05,0.24 $\pm$ 0.03,0.36 $\pm$ 0.03,0.28 $\pm$ 0.02,0.39 $\pm$ 0.02
ge,ComplementNB,RakelD Partitioning of labels,0.49 $\pm$ 0.03,0.51 $\pm$ 0.03,0.52 $\pm$ 0.01,0.51 $\pm$ 0.02,0.54 $\pm$ 0.03,0.59 $\pm$ 0.01
ge,KNN,BorderlineSMOTE,0.48 $\pm$ 0.02,0.50 $\pm$ 0.02,0.49 $\pm$ 0.02,0.50 $\pm$ 0.03,0.52 $\pm$ 0.02,0.57 $\pm$ 0.02
ge,KNN,No Upsampling,0.39 $\pm$ 0.01,0.42 $\pm$ 0.03,0.40 $\pm$ 0.02,0.45 $\pm$ 0.03,0.46 $\pm$ 0.05,0.52 $\pm$ 0.02
ge,KNN,Random Oversampling,0.49 $\pm$ 0.03,0.49 $\pm$ 0.02,0.50 $\pm$ 0.01,0.50 $\pm$ 0.02,0.53 $\pm$ 0.03,0.57 $\pm$ 0.02
ge,KNN,SMOTE,0.48 $\pm$ 0.02,0.51 $\pm$ 0.03,0.48 $\pm$ 0.01,0.50 $\pm$ 0.02,0.52 $\pm$ 0.04,0.58 $\pm$ 0.03
ge,KNN,SVMSMOTE,0.42 $\pm$ 0.03,0.47 $\pm$ 0.02,0.44 $\pm$ 0.00,0.48 $\pm$ 0.03,0.50 $\pm$ 0.04,0.57 $\pm$ 0.02
ge,LinearSVM,BorderlineSMOTE,0.45 $\pm$ 0.02,0.50 $\pm$ 0.02,0.50 $\pm$ 0.02,0.51 $\pm$ 0.02,0.52 $\pm$ 0.02,0.58 $\pm$ 0.02
ge,LinearSVM,No Upsampling,0.43 $\pm$ 0.03,0.50 $\pm$ 0.02,0.49 $\pm$ 0.02,0.51 $\pm$ 0.03,0.52 $\pm$ 0.02,0.58 $\pm$ 0.02
ge,LinearSVM,RakelD Partitioning of labels,0.45 $\pm$ 0.04,0.50 $\pm$ 0.02,0.49 $\pm$ 0.02,0.51 $\pm$ 0.03,0.53 $\pm$ 0.02,0.58 $\pm$ 0.02
ge,LinearSVM,Random Oversampling,0.42 $\pm$ 0.03,0.50 $\pm$ 0.02,0.49 $\pm$ 0.02,0.52 $\pm$ 0.02,0.52 $\pm$ 0.02,0.58 $\pm$ 0.02
ge,LinearSVM,SMOTE,0.46 $\pm$ 0.03,0.49 $\pm$ 0.03,0.49 $\pm$ 0.02,0.51 $\pm$ 0.03,0.52 $\pm$ 0.02,0.57 $\pm$ 0.01
ge,LogisticRegression,BorderlineSMOTE,0.45 $\pm$ 0.02,0.46 $\pm$ 0.02,0.45 $\pm$ 0.01,0.47 $\pm$ 0.02,0.49 $\pm$ 0.01,0.54 $\pm$ 0.01
ge,LogisticRegression,No Upsampling,0.44 $\pm$ 0.02,0.44 $\pm$ 0.02,0.42 $\pm$ 0.01,0.45 $\pm$ 0.01,0.47 $\pm$ 0.01,0.51 $\pm$ 0.01
ge,LogisticRegression,Random Oversampling,0.45 $\pm$ 0.02,0.44 $\pm$ 0.02,0.41 $\pm$ 0.02,0.45 $\pm$ 0.02,0.46 $\pm$ 0.01,0.52 $\pm$ 0.01
ge,LogisticRegression,SMOTE,0.45 $\pm$ 0.02,0.44 $\pm$ 0.02,0.42 $\pm$ 0.02,0.45 $\pm$ 0.01,0.46 $\pm$ 0.03,0.52 $\pm$ 0.03
ge,LogisticRegression,SVMSMOTE,0.45 $\pm$ 0.03,0.45 $\pm$ 0.02,0.42 $\pm$ 0.01,0.45 $\pm$ 0.01,0.46 $\pm$ 0.02,0.51 $\pm$ 0.02
ge,LogisticRegressionElasticNet,BorderlineSMOTE,0.46 $\pm$ 0.02,0.47 $\pm$ 0.01,0.47 $\pm$ 0.02,0.49 $\pm$ 0.02,0.51 $\pm$ 0.04,0.58 $\pm$ 0.01
ge,LogisticRegressionElasticNet,Random Oversampling,0.46 $\pm$ 0.02,0.47 $\pm$ 0.01,0.46 $\pm$ 0.02,0.48 $\pm$ 0.02,0.52 $\pm$ 0.04,0.57 $\pm$ 0.01
ge,LogisticRegressionElasticNet,SMOTE,0.46 $\pm$ 0.03,0.46 $\pm$ 0.02,0.47 $\pm$ 0.02,0.48 $\pm$ 0.02,0.51 $\pm$ 0.02,0.56 $\pm$ 0.01
ge,LogisticRegressionElasticNet,SVMSMOTE,0.46 $\pm$ 0.02,0.47 $\pm$ 0.01,0.47 $\pm$ 0.02,0.48 $\pm$ 0.02,0.50 $\pm$ 0.02,0.56 $\pm$ 0.01
ge,LogisticRegressionLasso,BorderlineSMOTE,0.45 $\pm$ 0.02,0.45 $\pm$ 0.01,0.47 $\pm$ 0.03,0.48 $\pm$ 0.03,0.49 $\pm$ 0.02,0.56 $\pm$ 0.01
ge,LogisticRegressionLasso,No Upsampling,0.44 $\pm$ 0.03,0.45 $\pm$ 0.00,0.45 $\pm$ 0.00,0.48 $\pm$ 0.03,0.49 $\pm$ 0.03,0.55 $\pm$ 0.01
ge,LogisticRegressionLasso,Random Oversampling,0.44 $\pm$ 0.02,0.45 $\pm$ 0.02,0.45 $\pm$ 0.02,0.48 $\pm$ 0.04,0.48 $\pm$ 0.04,0.55 $\pm$ 0.01
ge,LogisticRegressionLasso,SMOTE,0.44 $\pm$ 0.03,0.45 $\pm$ 0.01,0.46 $\pm$ 0.02,0.47 $\pm$ 0.03,0.49 $\pm$ 0.02,0.54 $\pm$ 0.01
ge,LogisticRegressionLasso,SVMSMOTE,0.45 $\pm$ 0.02,0.47 $\pm$ 0.02,0.45 $\pm$ 0.04,0.48 $\pm$ 0.02,0.47 $\pm$ 0.05,0.54 $\pm$ 0.03
ge,LogisticRegressionRidge,BorderlineSMOTE,0.45 $\pm$ 0.04,0.49 $\pm$ 0.03,0.49 $\pm$ 0.01,0.51 $\pm$ 0.03,0.52 $\pm$ 0.03,0.58 $\pm$ 0.01
ge,LogisticRegressionRidge,No Upsampling,0.44 $\pm$ 0.04,0.50 $\pm$ 0.02,0.49 $\pm$ 0.02,0.51 $\pm$ 0.03,0.52 $\pm$ 0.02,0.58 $\pm$ 0.01
ge,LogisticRegressionRidge,RakelD Partitioning of labels,0.44 $\pm$ 0.03,0.52 $\pm$ 0.03,0.52 $\pm$ 0.01,0.53 $\pm$ 0.03,0.54 $\pm$ 0.02,**0.60 $\pm$ 0.02**
ge,LogisticRegressionRidge,Random Oversampling,0.43 $\pm$ 0.04,0.50 $\pm$ 0.02,0.50 $\pm$ 0.02,0.51 $\pm$ 0.03,0.53 $\pm$ 0.03,0.58 $\pm$ 0.02
ge,LogisticRegressionRidge,SMOTE,0.43 $\pm$ 0.06,0.48 $\pm$ 0.02,0.49 $\pm$ 0.01,0.51 $\pm$ 0.02,0.51 $\pm$ 0.02,0.59 $\pm$ 0.02
ge,LogisticRegressionRidge,SVMSMOTE,0.44 $\pm$ 0.05,0.48 $\pm$ 0.02,0.45 $\pm$ 0.01,0.49 $\pm$ 0.03,0.51 $\pm$ 0.01,0.57 $\pm$ 0.02
ge,Multi-label ARAM,Natively Multilabel,0.27 $\pm$ 0.03,0.28 $\pm$ 0.10,0.20 $\pm$ 0.09,0.20 $\pm$ 0.06,0.26 $\pm$ 0.13,0.44 $\pm$ 0.01
ge,Multilabel k Nearest Neighbours,Natively Multilabel,0.36 $\pm$ 0.03,0.39 $\pm$ 0.05,0.38 $\pm$ 0.01,0.44 $\pm$ 0.04,0.42 $\pm$ 0.01,0.50 $\pm$ 0.01
ge,NaiveBayes,BorderlineSMOTE,0.50 $\pm$ 0.02,0.52 $\pm$ 0.02,0.51 $\pm$ 0.01,0.52 $\pm$ 0.02,0.55 $\pm$ 0.03,**0.60 $\pm$ 0.01**
ge,NaiveBayes,No Upsampling,0.50 $\pm$ 0.02,0.52 $\pm$ 0.02,0.52 $\pm$ 0.01,0.52 $\pm$ 0.02,0.53 $\pm$ 0.03,**0.60 $\pm$ 0.02**
ge,NaiveBayes,Random Oversampling,0.50 $\pm$ 0.02,0.52 $\pm$ 0.02,0.52 $\pm$ 0.01,0.52 $\pm$ 0.02,0.55 $\pm$ 0.04,**0.60 $\pm$ 0.02**
ge,NaiveBayes,SMOTE,0.50 $\pm$ 0.02,0.52 $\pm$ 0.02,0.52 $\pm$ 0.01,0.52 $\pm$ 0.02,0.54 $\pm$ 0.02,**0.60 $\pm$ 0.02**
ge,NaiveBayes,SVMSMOTE,0.50 $\pm$ 0.02,0.52 $\pm$ 0.02,0.52 $\pm$ 0.01,0.52 $\pm$ 0.02,0.53 $\pm$ 0.03,0.59 $\pm$ 0.01
ge,RandomForest,BorderlineSMOTE,0.30 $\pm$ 0.03,0.48 $\pm$ 0.00,0.49 $\pm$ 0.01,0.50 $\pm$ 0.00,0.49 $\pm$ 0.03,0.54 $\pm$ 0.01
ge,RandomForest,No Upsampling,0.31 $\pm$ 0.00,0.47 $\pm$ 0.02,0.48 $\pm$ 0.01,0.50 $\pm$ 0.01,0.51 $\pm$ 0.02,0.53 $\pm$ 0.03
ge,RandomForest,Random Oversampling,0.30 $\pm$ 0.08,0.47 $\pm$ 0.02,0.48 $\pm$ 0.00,0.49 $\pm$ 0.01,0.51 $\pm$ 0.04,0.53 $\pm$ 0.03
ge,RandomForest,SMOTE,0.33 $\pm$ 0.06,0.46 $\pm$ 0.01,0.48 $\pm$ 0.01,0.49 $\pm$ 0.01,0.50 $\pm$ 0.05,0.54 $\pm$ 0.03
ge,RandomForest,SVMSMOTE,0.30 $\pm$ 0.03,0.48 $\pm$ 0.02,0.47 $\pm$ 0.02,0.49 $\pm$ 0.01,0.50 $\pm$ 0.03,0.53 $\pm$ 0.02
ge,RidgeClassifier,BorderlineSMOTE,0.46 $\pm$ 0.01,0.42 $\pm$ 0.03,0.42 $\pm$ 0.02,0.46 $\pm$ 0.02,0.48 $\pm$ 0.01,0.55 $\pm$ 0.02
ge,RidgeClassifier,No Upsampling,0.42 $\pm$ 0.03,0.42 $\pm$ 0.04,0.41 $\pm$ 0.02,0.47 $\pm$ 0.02,0.48 $\pm$ 0.04,0.55 $\pm$ 0.03
ge,RidgeClassifier,Random Oversampling,0.45 $\pm$ 0.02,0.42 $\pm$ 0.03,0.41 $\pm$ 0.03,0.47 $\pm$ 0.02,0.47 $\pm$ 0.03,0.54 $\pm$ 0.02
ge,RidgeClassifier,SMOTE,0.45 $\pm$ 0.01,0.41 $\pm$ 0.03,0.41 $\pm$ 0.02,0.47 $\pm$ 0.02,0.48 $\pm$ 0.04,0.54 $\pm$ 0.02
ge,RidgeClassifier,SVMSMOTE,0.44 $\pm$ 0.00,0.42 $\pm$ 0.03,0.40 $\pm$ 0.03,0.46 $\pm$ 0.02,0.46 $\pm$ 0.01,0.54 $\pm$ 0.02
ge,SVM,BorderlineSMOTE,0.46 $\pm$ 0.02,0.49 $\pm$ 0.02,0.48 $\pm$ 0.01,0.49 $\pm$ 0.02,0.50 $\pm$ 0.04,0.55 $\pm$ 0.02
ge,SVM,No Upsampling,0.45 $\pm$ 0.02,0.50 $\pm$ 0.01,0.48 $\pm$ 0.01,0.50 $\pm$ 0.02,0.51 $\pm$ 0.03,0.57 $\pm$ 0.03
ge,SVM,RakelD Partitioning of labels,0.44 $\pm$ 0.03,0.49 $\pm$ 0.01,0.48 $\pm$ 0.02,0.48 $\pm$ 0.01,0.51 $\pm$ 0.04,0.54 $\pm$ 0.00
ge,SVM,Random Oversampling,0.46 $\pm$ 0.03,0.51 $\pm$ 0.02,0.49 $\pm$ 0.01,0.50 $\pm$ 0.01,0.52 $\pm$ 0.03,0.56 $\pm$ 0.02
ge,SVM,SMOTE,0.46 $\pm$ 0.02,0.48 $\pm$ 0.02,0.49 $\pm$ 0.00,0.50 $\pm$ 0.03,0.52 $\pm$ 0.01,0.57 $\pm$ 0.02
ge,SVM,SVMSMOTE,0.46 $\pm$ 0.03,0.49 $\pm$ 0.00,0.48 $\pm$ 0.00,0.50 $\pm$ 0.02,0.52 $\pm$ 0.03,0.57 $\pm$ 0.03
ge,XGBoost,BorderlineSMOTE,0.53 $\pm$ 0.02,0.55 $\pm$ 0.01,0.53 $\pm$ 0.01,0.54 $\pm$ 0.01,0.54 $\pm$ 0.02,0.58 $\pm$ 0.03
ge,XGBoost,No Upsampling,0.54 $\pm$ 0.03,0.54 $\pm$ 0.03,0.54 $\pm$ 0.01,0.54 $\pm$ 0.01,0.53 $\pm$ 0.02,0.55 $\pm$ 0.02
ge,XGBoost,Random Oversampling,0.53 $\pm$ 0.02,0.55 $\pm$ 0.02,0.53 $\pm$ 0.00,0.53 $\pm$ 0.01,0.53 $\pm$ 0.02,0.56 $\pm$ 0.04
ge,XGBoost,SMOTE,0.54 $\pm$ 0.02,0.55 $\pm$ 0.02,0.53 $\pm$ 0.00,0.54 $\pm$ 0.01,0.54 $\pm$ 0.03,0.57 $\pm$ 0.04
ge,XGBoost,SVMSMOTE,0.53 $\pm$ 0.03,0.55 $\pm$ 0.02,0.53 $\pm$ 0.01,0.54 $\pm$ 0.02,0.54 $\pm$ 0.01,0.58 $\pm$ 0.02
it,Binary Relevance kNN,Natively Multilabel,0.35 $\pm$ 0.01,0.32 $\pm$ 0.03,0.40 $\pm$ 0.01,0.42 $\pm$ 0.02,0.35 $\pm$ 0.03,0.44 $\pm$ 0.02
it,ComplementNB,RakelD Partitioning of labels,0.47 $\pm$ 0.02,0.51 $\pm$ 0.01,0.51 $\pm$ 0.02,0.55 $\pm$ 0.02,0.55 $\pm$ 0.01,0.57 $\pm$ 0.01
it,KNN,BorderlineSMOTE,0.47 $\pm$ 0.01,0.48 $\pm$ 0.02,0.48 $\pm$ 0.01,0.54 $\pm$ 0.01,0.50 $\pm$ 0.01,0.54 $\pm$ 0.01
it,KNN,No Upsampling,0.39 $\pm$ 0.02,0.40 $\pm$ 0.04,0.40 $\pm$ 0.04,0.45 $\pm$ 0.01,0.43 $\pm$ 0.01,0.49 $\pm$ 0.01
it,KNN,Random Oversampling,0.47 $\pm$ 0.02,0.48 $\pm$ 0.02,0.50 $\pm$ 0.01,0.52 $\pm$ 0.01,0.51 $\pm$ 0.01,0.55 $\pm$ 0.00
it,KNN,SMOTE,0.48 $\pm$ 0.02,0.48 $\pm$ 0.02,0.49 $\pm$ 0.00,0.53 $\pm$ 0.01,0.50 $\pm$ 0.01,0.55 $\pm$ 0.02
it,KNN,SVMSMOTE,0.46 $\pm$ 0.03,0.48 $\pm$ 0.02,0.47 $\pm$ 0.01,0.52 $\pm$ 0.01,0.49 $\pm$ 0.00,0.55 $\pm$ 0.01
it,LinearSVM,BorderlineSMOTE,0.46 $\pm$ 0.01,0.50 $\pm$ 0.00,0.51 $\pm$ 0.01,0.54 $\pm$ 0.00,0.51 $\pm$ 0.01,0.57 $\pm$ 0.01
it,LinearSVM,No Upsampling,0.45 $\pm$ 0.01,0.50 $\pm$ 0.00,0.51 $\pm$ 0.01,0.55 $\pm$ 0.01,0.51 $\pm$ 0.01,0.57 $\pm$ 0.01
it,LinearSVM,RakelD Partitioning of labels,0.45 $\pm$ 0.01,0.50 $\pm$ 0.00,0.51 $\pm$ 0.01,0.55 $\pm$ 0.01,0.51 $\pm$ 0.01,0.57 $\pm$ 0.01
it,LinearSVM,Random Oversampling,0.46 $\pm$ 0.01,0.50 $\pm$ 0.01,0.50 $\pm$ 0.01,0.54 $\pm$ 0.01,0.51 $\pm$ 0.01,0.57 $\pm$ 0.01
it,LinearSVM,SMOTE,0.45 $\pm$ 0.01,0.50 $\pm$ 0.00,0.51 $\pm$ 0.02,0.54 $\pm$ 0.01,0.51 $\pm$ 0.01,0.57 $\pm$ 0.00
it,LogisticRegression,BorderlineSMOTE,0.42 $\pm$ 0.00,0.43 $\pm$ 0.01,0.45 $\pm$ 0.01,0.49 $\pm$ 0.03,0.48 $\pm$ 0.01,0.53 $\pm$ 0.01
it,LogisticRegression,No Upsampling,0.42 $\pm$ 0.01,0.42 $\pm$ 0.00,0.41 $\pm$ 0.01,0.45 $\pm$ 0.01,0.46 $\pm$ 0.01,0.51 $\pm$ 0.02
it,LogisticRegression,Random Oversampling,0.42 $\pm$ 0.01,0.42 $\pm$ 0.01,0.41 $\pm$ 0.01,0.46 $\pm$ 0.01,0.46 $\pm$ 0.01,0.51 $\pm$ 0.02
it,LogisticRegression,SMOTE,0.43 $\pm$ 0.00,0.42 $\pm$ 0.00,0.41 $\pm$ 0.01,0.45 $\pm$ 0.01,0.46 $\pm$ 0.01,0.50 $\pm$ 0.02
it,LogisticRegression,SVMSMOTE,0.42 $\pm$ 0.00,0.42 $\pm$ 0.01,0.40 $\pm$ 0.01,0.44 $\pm$ 0.01,0.45 $\pm$ 0.01,0.50 $\pm$ 0.01
it,LogisticRegressionElasticNet,BorderlineSMOTE,0.43 $\pm$ 0.01,0.46 $\pm$ 0.02,0.47 $\pm$ 0.01,0.50 $\pm$ 0.01,0.48 $\pm$ 0.01,0.54 $\pm$ 0.01
it,LogisticRegressionElasticNet,No Upsampling,0.43 $\pm$ 0.01,0.46 $\pm$ 0.01,0.46 $\pm$ 0.01,0.50 $\pm$ 0.03,0.49 $\pm$ 0.01,0.55 $\pm$ 0.02
it,LogisticRegressionElasticNet,Random Oversampling,0.43 $\pm$ 0.01,0.46 $\pm$ 0.01,0.45 $\pm$ 0.01,0.50 $\pm$ 0.01,0.48 $\pm$ 0.02,0.54 $\pm$ 0.01
it,LogisticRegressionElasticNet,SMOTE,0.44 $\pm$ 0.02,0.46 $\pm$ 0.02,0.45 $\pm$ 0.01,0.50 $\pm$ 0.03,0.48 $\pm$ 0.01,0.54 $\pm$ 0.01
it,LogisticRegressionElasticNet,SVMSMOTE,0.44 $\pm$ 0.01,0.46 $\pm$ 0.02,0.45 $\pm$ 0.01,0.49 $\pm$ 0.00,0.49 $\pm$ 0.01,0.54 $\pm$ 0.01
it,LogisticRegressionLasso,BorderlineSMOTE,0.43 $\pm$ 0.01,0.45 $\pm$ 0.00,0.45 $\pm$ 0.02,0.50 $\pm$ 0.02,0.49 $\pm$ 0.02,0.54 $\pm$ 0.01
it,LogisticRegressionLasso,No Upsampling,0.43 $\pm$ 0.01,0.44 $\pm$ 0.01,0.44 $\pm$ 0.01,0.50 $\pm$ 0.03,0.49 $\pm$ 0.01,0.55 $\pm$ 0.02
it,LogisticRegressionLasso,Random Oversampling,0.42 $\pm$ 0.01,0.44 $\pm$ 0.02,0.45 $\pm$ 0.01,0.50 $\pm$ 0.00,0.49 $\pm$ 0.01,0.54 $\pm$ 0.01
it,LogisticRegressionLasso,SMOTE,0.44 $\pm$ 0.02,0.44 $\pm$ 0.02,0.44 $\pm$ 0.00,0.49 $\pm$ 0.01,0.48 $\pm$ 0.02,0.54 $\pm$ 0.01
it,LogisticRegressionLasso,SVMSMOTE,0.43 $\pm$ 0.01,0.44 $\pm$ 0.02,0.44 $\pm$ 0.01,0.49 $\pm$ 0.03,0.47 $\pm$ 0.01,0.53 $\pm$ 0.01
it,LogisticRegressionRidge,BorderlineSMOTE,0.46 $\pm$ 0.01,0.49 $\pm$ 0.01,0.50 $\pm$ 0.01,0.53 $\pm$ 0.01,0.51 $\pm$ 0.00,0.56 $\pm$ 0.01
it,LogisticRegressionRidge,No Upsampling,0.45 $\pm$ 0.01,0.50 $\pm$ 0.00,0.50 $\pm$ 0.01,0.55 $\pm$ 0.01,0.51 $\pm$ 0.01,0.57 $\pm$ 0.00
it,LogisticRegressionRidge,RakelD Partitioning of labels,0.46 $\pm$ 0.02,0.51 $\pm$ 0.01,0.52 $\pm$ 0.01,0.55 $\pm$ 0.01,0.54 $\pm$ 0.01,**0.58 $\pm$ 0.01**
it,LogisticRegressionRidge,Random Oversampling,0.46 $\pm$ 0.01,0.50 $\pm$ 0.01,0.51 $\pm$ 0.01,0.54 $\pm$ 0.01,0.51 $\pm$ 0.00,0.57 $\pm$ 0.01
it,LogisticRegressionRidge,SMOTE,0.45 $\pm$ 0.01,0.48 $\pm$ 0.00,0.49 $\pm$ 0.01,0.53 $\pm$ 0.01,0.51 $\pm$ 0.01,0.57 $\pm$ 0.01
it,LogisticRegressionRidge,SVMSMOTE,0.45 $\pm$ 0.02,0.47 $\pm$ 0.01,0.46 $\pm$ 0.02,0.51 $\pm$ 0.02,0.51 $\pm$ 0.00,0.55 $\pm$ 0.00
it,Multi-label ARAM,Natively Multilabel,0.40 $\pm$ 0.06,0.20 $\pm$ 0.10,0.33 $\pm$ 0.05,0.26 $\pm$ 0.06,0.34 $\pm$ 0.13,0.39 $\pm$ 0.06
it,Multilabel k Nearest Neighbours,Natively Multilabel,0.41 $\pm$ 0.02,0.41 $\pm$ 0.04,0.41 $\pm$ 0.00,0.44 $\pm$ 0.01,0.42 $\pm$ 0.01,0.48 $\pm$ 0.00
it,NaiveBayes,BorderlineSMOTE,0.47 $\pm$ 0.02,0.51 $\pm$ 0.01,0.52 $\pm$ 0.02,0.55 $\pm$ 0.02,0.54 $\pm$ 0.01,**0.58 $\pm$ 0.01**
it,NaiveBayes,No Upsampling,0.48 $\pm$ 0.02,0.51 $\pm$ 0.01,0.52 $\pm$ 0.02,0.55 $\pm$ 0.02,0.55 $\pm$ 0.01,0.57 $\pm$ 0.01
it,NaiveBayes,Random Oversampling,0.47 $\pm$ 0.02,0.51 $\pm$ 0.01,0.52 $\pm$ 0.02,0.55 $\pm$ 0.02,0.55 $\pm$ 0.01,0.57 $\pm$ 0.01
it,NaiveBayes,SMOTE,0.48 $\pm$ 0.02,0.51 $\pm$ 0.01,0.51 $\pm$ 0.01,0.55 $\pm$ 0.01,0.55 $\pm$ 0.02,**0.58 $\pm$ 0.01**
it,NaiveBayes,SVMSMOTE,0.48 $\pm$ 0.02,0.51 $\pm$ 0.01,0.52 $\pm$ 0.02,0.55 $\pm$ 0.01,0.55 $\pm$ 0.01,0.57 $\pm$ 0.01
it,RandomForest,BorderlineSMOTE,0.39 $\pm$ 0.02,0.43 $\pm$ 0.00,0.45 $\pm$ 0.01,0.48 $\pm$ 0.01,0.47 $\pm$ 0.01,0.53 $\pm$ 0.02
it,RandomForest,No Upsampling,0.39 $\pm$ 0.02,0.45 $\pm$ 0.00,0.46 $\pm$ 0.02,0.49 $\pm$ 0.02,0.47 $\pm$ 0.01,0.53 $\pm$ 0.02
it,RandomForest,Random Oversampling,0.39 $\pm$ 0.02,0.44 $\pm$ 0.01,0.46 $\pm$ 0.02,0.49 $\pm$ 0.00,0.47 $\pm$ 0.00,0.53 $\pm$ 0.01
it,RandomForest,SMOTE,0.39 $\pm$ 0.03,0.44 $\pm$ 0.02,0.46 $\pm$ 0.01,0.49 $\pm$ 0.02,0.47 $\pm$ 0.00,0.52 $\pm$ 0.01
it,RandomForest,SVMSMOTE,0.39 $\pm$ 0.03,0.44 $\pm$ 0.00,0.46 $\pm$ 0.01,0.48 $\pm$ 0.02,0.47 $\pm$ 0.01,0.53 $\pm$ 0.01
it,RidgeClassifier,BorderlineSMOTE,0.44 $\pm$ 0.01,0.44 $\pm$ 0.01,0.43 $\pm$ 0.01,0.49 $\pm$ 0.02,0.49 $\pm$ 0.02,0.54 $\pm$ 0.02
it,RidgeClassifier,No Upsampling,0.43 $\pm$ 0.02,0.47 $\pm$ 0.01,0.44 $\pm$ 0.00,0.51 $\pm$ 0.02,0.50 $\pm$ 0.02,0.55 $\pm$ 0.02
it,RidgeClassifier,Random Oversampling,0.44 $\pm$ 0.01,0.43 $\pm$ 0.04,0.41 $\pm$ 0.00,0.49 $\pm$ 0.02,0.48 $\pm$ 0.02,0.53 $\pm$ 0.01
it,RidgeClassifier,SMOTE,0.45 $\pm$ 0.01,0.44 $\pm$ 0.00,0.42 $\pm$ 0.01,0.48 $\pm$ 0.02,0.48 $\pm$ 0.02,0.54 $\pm$ 0.02
it,RidgeClassifier,SVMSMOTE,0.45 $\pm$ 0.02,0.43 $\pm$ 0.03,0.40 $\pm$ 0.00,0.48 $\pm$ 0.02,0.48 $\pm$ 0.01,0.52 $\pm$ 0.01
it,SVM,BorderlineSMOTE,0.46 $\pm$ 0.02,0.47 $\pm$ 0.01,0.49 $\pm$ 0.01,0.53 $\pm$ 0.01,0.52 $\pm$ 0.00,0.56 $\pm$ 0.01
it,SVM,No Upsampling,0.45 $\pm$ 0.01,0.48 $\pm$ 0.02,0.49 $\pm$ 0.01,0.53 $\pm$ 0.02,0.52 $\pm$ 0.01,**0.58 $\pm$ 0.00**
it,SVM,RakelD Partitioning of labels,0.45 $\pm$ 0.02,0.46 $\pm$ 0.02,0.49 $\pm$ 0.00,0.51 $\pm$ 0.02,0.51 $\pm$ 0.01,0.56 $\pm$ 0.02
it,SVM,Random Oversampling,0.45 $\pm$ 0.01,0.48 $\pm$ 0.03,0.49 $\pm$ 0.01,0.54 $\pm$ 0.00,0.51 $\pm$ 0.01,0.56 $\pm$ 0.01
it,SVM,SMOTE,0.46 $\pm$ 0.02,0.47 $\pm$ 0.01,0.48 $\pm$ 0.02,0.52 $\pm$ 0.00,0.51 $\pm$ 0.01,0.56 $\pm$ 0.01
it,SVM,SVMSMOTE,0.46 $\pm$ 0.01,0.47 $\pm$ 0.02,0.48 $\pm$ 0.01,0.53 $\pm$ 0.02,0.52 $\pm$ 0.01,0.56 $\pm$ 0.02
it,XGBoost,BorderlineSMOTE,0.48 $\pm$ 0.01,0.48 $\pm$ 0.01,0.48 $\pm$ 0.01,0.51 $\pm$ 0.02,0.49 $\pm$ 0.01,0.55 $\pm$ 0.02
it,XGBoost,No Upsampling,0.48 $\pm$ 0.01,0.47 $\pm$ 0.02,0.48 $\pm$ 0.01,0.51 $\pm$ 0.01,0.49 $\pm$ 0.00,0.53 $\pm$ 0.02
it,XGBoost,Random Oversampling,0.48 $\pm$ 0.01,0.48 $\pm$ 0.01,0.48 $\pm$ 0.01,0.50 $\pm$ 0.01,0.49 $\pm$ 0.01,0.54 $\pm$ 0.01
it,XGBoost,SMOTE,0.48 $\pm$ 0.00,0.48 $\pm$ 0.01,0.48 $\pm$ 0.00,0.51 $\pm$ 0.02,0.50 $\pm$ 0.01,0.55 $\pm$ 0.01
it,XGBoost,SVMSMOTE,0.48 $\pm$ 0.01,0.48 $\pm$ 0.01,0.48 $\pm$ 0.00,0.51 $\pm$ 0.01,0.50 $\pm$ 0.01,0.54 $\pm$ 0.01
po,Binary Relevance kNN,Natively Multilabel,0.37 $\pm$ 0.09,0.37 $\pm$ 0.03,0.37 $\pm$ 0.01,0.39 $\pm$ 0.07,0.47 $\pm$ 0.02,0.53 $\pm$ 0.03
po,ComplementNB,RakelD Partitioning of labels,0.49 $\pm$ 0.02,0.55 $\pm$ 0.02,0.58 $\pm$ 0.02,0.61 $\pm$ 0.01,0.63 $\pm$ 0.03,0.64 $\pm$ 0.02
po,KNN,BorderlineSMOTE,0.50 $\pm$ 0.02,0.51 $\pm$ 0.02,0.52 $\pm$ 0.02,0.58 $\pm$ 0.02,0.61 $\pm$ 0.03,0.62 $\pm$ 0.01
po,KNN,No Upsampling,0.46 $\pm$ 0.03,0.49 $\pm$ 0.04,0.50 $\pm$ 0.02,0.51 $\pm$ 0.01,0.56 $\pm$ 0.03,0.60 $\pm$ 0.03
po,KNN,Random Oversampling,0.49 $\pm$ 0.03,0.52 $\pm$ 0.03,0.53 $\pm$ 0.01,0.56 $\pm$ 0.01,0.61 $\pm$ 0.01,0.63 $\pm$ 0.01
po,KNN,SMOTE,0.52 $\pm$ 0.00,0.51 $\pm$ 0.03,0.53 $\pm$ 0.01,0.57 $\pm$ 0.03,0.62 $\pm$ 0.01,0.63 $\pm$ 0.02
po,KNN,SVMSMOTE,0.48 $\pm$ 0.03,0.49 $\pm$ 0.02,0.52 $\pm$ 0.01,0.55 $\pm$ 0.02,0.63 $\pm$ 0.03,0.64 $\pm$ 0.02
po,LinearSVM,BorderlineSMOTE,0.49 $\pm$ 0.02,0.54 $\pm$ 0.03,0.55 $\pm$ 0.02,0.60 $\pm$ 0.03,0.63 $\pm$ 0.03,**0.66 $\pm$ 0.03**
po,LinearSVM,No Upsampling,0.49 $\pm$ 0.03,0.54 $\pm$ 0.03,0.55 $\pm$ 0.02,0.61 $\pm$ 0.03,0.63 $\pm$ 0.03,0.65 $\pm$ 0.03
po,LinearSVM,RakelD Partitioning of labels,0.50 $\pm$ 0.02,0.53 $\pm$ 0.03,0.56 $\pm$ 0.02,0.60 $\pm$ 0.03,0.63 $\pm$ 0.03,0.65 $\pm$ 0.02
po,LinearSVM,Random Oversampling,0.49 $\pm$ 0.03,0.54 $\pm$ 0.03,0.56 $\pm$ 0.02,0.59 $\pm$ 0.03,0.63 $\pm$ 0.02,0.65 $\pm$ 0.03
po,LinearSVM,SMOTE,0.50 $\pm$ 0.02,0.53 $\pm$ 0.04,0.55 $\pm$ 0.02,0.60 $\pm$ 0.02,0.63 $\pm$ 0.03,**0.66 $\pm$ 0.03**
po,LogisticRegression,BorderlineSMOTE,0.49 $\pm$ 0.01,0.51 $\pm$ 0.03,0.52 $\pm$ 0.00,0.58 $\pm$ 0.02,0.60 $\pm$ 0.02,0.62 $\pm$ 0.03
po,LogisticRegression,No Upsampling,0.50 $\pm$ 0.02,0.50 $\pm$ 0.03,0.50 $\pm$ 0.01,0.54 $\pm$ 0.02,0.58 $\pm$ 0.03,0.61 $\pm$ 0.03
po,LogisticRegression,Random Oversampling,0.48 $\pm$ 0.01,0.49 $\pm$ 0.03,0.50 $\pm$ 0.01,0.53 $\pm$ 0.02,0.58 $\pm$ 0.03,0.61 $\pm$ 0.02
po,LogisticRegression,SMOTE,0.48 $\pm$ 0.02,0.50 $\pm$ 0.03,0.50 $\pm$ 0.02,0.54 $\pm$ 0.01,0.59 $\pm$ 0.03,0.60 $\pm$ 0.02
po,LogisticRegression,SVMSMOTE,0.49 $\pm$ 0.01,0.49 $\pm$ 0.03,0.50 $\pm$ 0.02,0.53 $\pm$ 0.02,0.58 $\pm$ 0.04,0.60 $\pm$ 0.02
po,LogisticRegressionElasticNet,BorderlineSMOTE,0.49 $\pm$ 0.01,0.53 $\pm$ 0.02,0.55 $\pm$ 0.02,0.57 $\pm$ 0.01,0.60 $\pm$ 0.02,0.63 $\pm$ 0.03
po,LogisticRegressionElasticNet,No Upsampling,0.48 $\pm$ 0.01,0.53 $\pm$ 0.02,0.53 $\pm$ 0.03,0.55 $\pm$ 0.03,0.60 $\pm$ 0.02,0.63 $\pm$ 0.03
po,LogisticRegressionElasticNet,Random Oversampling,0.48 $\pm$ 0.04,0.52 $\pm$ 0.03,0.54 $\pm$ 0.03,0.57 $\pm$ 0.02,0.59 $\pm$ 0.02,0.62 $\pm$ 0.02
po,LogisticRegressionElasticNet,SMOTE,0.48 $\pm$ 0.01,0.53 $\pm$ 0.02,0.52 $\pm$ 0.02,0.55 $\pm$ 0.03,0.59 $\pm$ 0.01,0.62 $\pm$ 0.02
po,LogisticRegressionElasticNet,SVMSMOTE,0.49 $\pm$ 0.01,0.53 $\pm$ 0.02,0.52 $\pm$ 0.02,0.56 $\pm$ 0.02,0.58 $\pm$ 0.02,0.63 $\pm$ 0.03
po,LogisticRegressionLasso,BorderlineSMOTE,0.47 $\pm$ 0.01,0.51 $\pm$ 0.02,0.53 $\pm$ 0.03,0.54 $\pm$ 0.02,0.57 $\pm$ 0.03,0.62 $\pm$ 0.02
po,LogisticRegressionLasso,No Upsampling,0.49 $\pm$ 0.03,0.47 $\pm$ 0.02,0.49 $\pm$ 0.01,0.55 $\pm$ 0.02,0.58 $\pm$ 0.01,0.62 $\pm$ 0.02
po,LogisticRegressionLasso,Random Oversampling,0.48 $\pm$ 0.01,0.52 $\pm$ 0.02,0.53 $\pm$ 0.02,0.55 $\pm$ 0.02,0.57 $\pm$ 0.01,0.61 $\pm$ 0.02
po,LogisticRegressionLasso,SMOTE,0.47 $\pm$ 0.02,0.49 $\pm$ 0.01,0.52 $\pm$ 0.03,0.55 $\pm$ 0.04,0.58 $\pm$ 0.00,0.61 $\pm$ 0.04
po,LogisticRegressionLasso,SVMSMOTE,0.47 $\pm$ 0.01,0.49 $\pm$ 0.01,0.53 $\pm$ 0.02,0.53 $\pm$ 0.02,0.57 $\pm$ 0.02,0.61 $\pm$ 0.03
po,LogisticRegressionRidge,BorderlineSMOTE,0.49 $\pm$ 0.03,0.53 $\pm$ 0.04,0.54 $\pm$ 0.01,0.60 $\pm$ 0.02,0.63 $\pm$ 0.02,**0.66 $\pm$ 0.03**
po,LogisticRegressionRidge,No Upsampling,0.49 $\pm$ 0.03,0.54 $\pm$ 0.03,0.56 $\pm$ 0.02,0.60 $\pm$ 0.02,0.63 $\pm$ 0.03,0.65 $\pm$ 0.03
po,LogisticRegressionRidge,RakelD Partitioning of labels,0.50 $\pm$ 0.02,0.57 $\pm$ 0.02,0.59 $\pm$ 0.01,0.62 $\pm$ 0.02,0.63 $\pm$ 0.02,0.65 $\pm$ 0.02
po,LogisticRegressionRidge,Random Oversampling,0.51 $\pm$ 0.02,0.55 $\pm$ 0.02,0.55 $\pm$ 0.02,0.61 $\pm$ 0.03,0.63 $\pm$ 0.02,0.65 $\pm$ 0.03
po,LogisticRegressionRidge,SMOTE,0.48 $\pm$ 0.02,0.53 $\pm$ 0.04,0.54 $\pm$ 0.02,0.60 $\pm$ 0.03,0.63 $\pm$ 0.03,0.65 $\pm$ 0.02
po,LogisticRegressionRidge,SVMSMOTE,0.48 $\pm$ 0.03,0.53 $\pm$ 0.04,0.53 $\pm$ 0.01,0.59 $\pm$ 0.03,0.63 $\pm$ 0.02,0.64 $\pm$ 0.03
po,Multi-label ARAM,Natively Multilabel,0.35 $\pm$ 0.19,0.30 $\pm$ 0.08,0.36 $\pm$ 0.07,0.27 $\pm$ 0.04,0.49 $\pm$ 0.06,0.48 $\pm$ 0.03
po,Multilabel k Nearest Neighbours,Natively Multilabel,0.48 $\pm$ 0.04,0.45 $\pm$ 0.01,0.52 $\pm$ 0.02,0.52 $\pm$ 0.03,0.56 $\pm$ 0.02,0.57 $\pm$ 0.02
po,NaiveBayes,BorderlineSMOTE,0.51 $\pm$ 0.02,0.57 $\pm$ 0.01,0.59 $\pm$ 0.01,0.63 $\pm$ 0.02,0.64 $\pm$ 0.03,0.65 $\pm$ 0.01
po,NaiveBayes,No Upsampling,0.50 $\pm$ 0.02,0.56 $\pm$ 0.02,0.58 $\pm$ 0.00,0.62 $\pm$ 0.01,0.64 $\pm$ 0.03,0.64 $\pm$ 0.02
po,NaiveBayes,Random Oversampling,0.50 $\pm$ 0.02,0.56 $\pm$ 0.02,0.57 $\pm$ 0.01,0.62 $\pm$ 0.01,0.64 $\pm$ 0.03,0.65 $\pm$ 0.02
po,NaiveBayes,SMOTE,0.51 $\pm$ 0.02,0.57 $\pm$ 0.01,0.57 $\pm$ 0.01,0.62 $\pm$ 0.01,0.64 $\pm$ 0.03,0.65 $\pm$ 0.02
po,NaiveBayes,SVMSMOTE,0.50 $\pm$ 0.02,0.56 $\pm$ 0.02,0.57 $\pm$ 0.01,0.62 $\pm$ 0.01,0.64 $\pm$ 0.03,0.64 $\pm$ 0.03
po,RandomForest,BorderlineSMOTE,0.41 $\pm$ 0.02,0.51 $\pm$ 0.02,0.51 $\pm$ 0.03,0.55 $\pm$ 0.02,0.58 $\pm$ 0.02,0.63 $\pm$ 0.02
po,RandomForest,No Upsampling,0.27 $\pm$ 0.06,0.50 $\pm$ 0.04,0.51 $\pm$ 0.03,0.55 $\pm$ 0.02,0.58 $\pm$ 0.01,0.63 $\pm$ 0.02
po,RandomForest,Random Oversampling,0.38 $\pm$ 0.02,0.51 $\pm$ 0.02,0.52 $\pm$ 0.01,0.56 $\pm$ 0.02,0.57 $\pm$ 0.03,0.64 $\pm$ 0.03
po,RandomForest,SMOTE,0.40 $\pm$ 0.04,0.51 $\pm$ 0.02,0.51 $\pm$ 0.01,0.55 $\pm$ 0.01,0.56 $\pm$ 0.02,0.63 $\pm$ 0.03
po,RandomForest,SVMSMOTE,0.40 $\pm$ 0.01,0.53 $\pm$ 0.02,0.52 $\pm$ 0.03,0.55 $\pm$ 0.03,0.57 $\pm$ 0.01,0.64 $\pm$ 0.04
po,RidgeClassifier,BorderlineSMOTE,0.49 $\pm$ 0.02,0.49 $\pm$ 0.02,0.51 $\pm$ 0.01,0.56 $\pm$ 0.01,0.62 $\pm$ 0.02,0.65 $\pm$ 0.02
po,RidgeClassifier,No Upsampling,0.48 $\pm$ 0.01,0.50 $\pm$ 0.04,0.50 $\pm$ 0.01,0.56 $\pm$ 0.02,0.62 $\pm$ 0.01,0.65 $\pm$ 0.02
po,RidgeClassifier,Random Oversampling,0.49 $\pm$ 0.02,0.49 $\pm$ 0.02,0.49 $\pm$ 0.03,0.55 $\pm$ 0.01,0.61 $\pm$ 0.01,0.64 $\pm$ 0.02
po,RidgeClassifier,SMOTE,0.48 $\pm$ 0.01,0.48 $\pm$ 0.03,0.49 $\pm$ 0.01,0.54 $\pm$ 0.01,0.60 $\pm$ 0.01,0.64 $\pm$ 0.03
po,RidgeClassifier,SVMSMOTE,0.48 $\pm$ 0.02,0.49 $\pm$ 0.03,0.49 $\pm$ 0.02,0.54 $\pm$ 0.03,0.60 $\pm$ 0.00,0.64 $\pm$ 0.03
po,SVM,BorderlineSMOTE,0.50 $\pm$ 0.02,0.54 $\pm$ 0.02,0.57 $\pm$ 0.01,0.59 $\pm$ 0.01,0.61 $\pm$ 0.02,0.63 $\pm$ 0.02
po,SVM,No Upsampling,0.49 $\pm$ 0.01,0.51 $\pm$ 0.01,0.57 $\pm$ 0.01,0.61 $\pm$ 0.01,0.61 $\pm$ 0.01,0.64 $\pm$ 0.04
po,SVM,RakelD Partitioning of labels,0.48 $\pm$ 0.03,0.51 $\pm$ 0.01,0.51 $\pm$ 0.05,0.60 $\pm$ 0.02,0.59 $\pm$ 0.02,0.63 $\pm$ 0.02
po,SVM,Random Oversampling,0.48 $\pm$ 0.02,0.55 $\pm$ 0.01,0.56 $\pm$ 0.02,0.58 $\pm$ 0.01,0.61 $\pm$ 0.01,0.64 $\pm$ 0.02
po,SVM,SMOTE,0.49 $\pm$ 0.01,0.53 $\pm$ 0.03,0.55 $\pm$ 0.03,0.59 $\pm$ 0.01,0.61 $\pm$ 0.01,0.64 $\pm$ 0.02
po,SVM,SVMSMOTE,0.49 $\pm$ 0.03,0.54 $\pm$ 0.03,0.54 $\pm$ 0.02,0.58 $\pm$ 0.03,0.61 $\pm$ 0.01,0.64 $\pm$ 0.02
po,XGBoost,BorderlineSMOTE,0.58 $\pm$ 0.03,0.59 $\pm$ 0.02,0.58 $\pm$ 0.02,0.60 $\pm$ 0.03,0.61 $\pm$ 0.00,0.65 $\pm$ 0.01
po,XGBoost,No Upsampling,0.58 $\pm$ 0.03,0.58 $\pm$ 0.02,0.59 $\pm$ 0.03,0.59 $\pm$ 0.03,0.60 $\pm$ 0.00,0.62 $\pm$ 0.01
po,XGBoost,Random Oversampling,0.58 $\pm$ 0.03,0.59 $\pm$ 0.02,0.59 $\pm$ 0.03,0.60 $\pm$ 0.03,0.60 $\pm$ 0.01,0.64 $\pm$ 0.02
po,XGBoost,SMOTE,0.58 $\pm$ 0.03,0.59 $\pm$ 0.02,0.59 $\pm$ 0.02,0.60 $\pm$ 0.03,0.61 $\pm$ 0.03,0.64 $\pm$ 0.02
po,XGBoost,SVMSMOTE,0.58 $\pm$ 0.02,0.59 $\pm$ 0.03,0.58 $\pm$ 0.03,0.59 $\pm$ 0.03,0.61 $\pm$ 0.01,0.64 $\pm$ 0.01
ru,Binary Relevance kNN,Natively Multilabel,0.23 $\pm$ 0.02,0.24 $\pm$ 0.01,0.32 $\pm$ 0.01,0.33 $\pm$ 0.04,0.33 $\pm$ 0.01,0.33 $\pm$ 0.04
ru,ComplementNB,RakelD Partitioning of labels,0.36 $\pm$ 0.03,0.41 $\pm$ 0.02,0.43 $\pm$ 0.01,0.49 $\pm$ 0.03,0.48 $\pm$ 0.02,0.51 $\pm$ 0.01
ru,KNN,BorderlineSMOTE,0.35 $\pm$ 0.00,0.37 $\pm$ 0.01,0.40 $\pm$ 0.01,0.43 $\pm$ 0.01,0.43 $\pm$ 0.01,0.45 $\pm$ 0.02
ru,KNN,No Upsampling,0.30 $\pm$ 0.03,0.30 $\pm$ 0.03,0.37 $\pm$ 0.01,0.36 $\pm$ 0.02,0.38 $\pm$ 0.04,0.42 $\pm$ 0.02
ru,KNN,Random Oversampling,0.36 $\pm$ 0.01,0.36 $\pm$ 0.01,0.40 $\pm$ 0.01,0.43 $\pm$ 0.01,0.44 $\pm$ 0.02,0.45 $\pm$ 0.01
ru,KNN,SMOTE,0.36 $\pm$ 0.02,0.35 $\pm$ 0.01,0.40 $\pm$ 0.02,0.43 $\pm$ 0.01,0.44 $\pm$ 0.01,0.44 $\pm$ 0.01
ru,KNN,SVMSMOTE,0.35 $\pm$ 0.01,0.28 $\pm$ 0.12,0.39 $\pm$ 0.02,0.43 $\pm$ 0.01,0.43 $\pm$ 0.02,0.46 $\pm$ 0.01
ru,LinearSVM,BorderlineSMOTE,0.37 $\pm$ 0.00,0.39 $\pm$ 0.01,0.44 $\pm$ 0.01,0.46 $\pm$ 0.02,0.46 $\pm$ 0.01,0.48 $\pm$ 0.01
ru,LinearSVM,No Upsampling,0.37 $\pm$ 0.01,0.40 $\pm$ 0.02,0.43 $\pm$ 0.01,0.46 $\pm$ 0.03,0.46 $\pm$ 0.01,0.49 $\pm$ 0.03
ru,LinearSVM,RakelD Partitioning of labels,0.36 $\pm$ 0.01,0.41 $\pm$ 0.01,0.43 $\pm$ 0.02,0.46 $\pm$ 0.02,0.45 $\pm$ 0.01,0.50 $\pm$ 0.02
ru,LinearSVM,Random Oversampling,0.37 $\pm$ 0.01,0.41 $\pm$ 0.03,0.43 $\pm$ 0.01,0.45 $\pm$ 0.03,0.46 $\pm$ 0.02,0.49 $\pm$ 0.01
ru,LinearSVM,SMOTE,0.36 $\pm$ 0.01,0.39 $\pm$ 0.01,0.44 $\pm$ 0.01,0.46 $\pm$ 0.01,0.45 $\pm$ 0.01,0.48 $\pm$ 0.02
ru,LogisticRegression,BorderlineSMOTE,0.30 $\pm$ 0.00,0.37 $\pm$ 0.01,0.36 $\pm$ 0.02,0.42 $\pm$ 0.01,0.41 $\pm$ 0.02,0.45 $\pm$ 0.02
ru,LogisticRegression,No Upsampling,0.31 $\pm$ 0.02,0.33 $\pm$ 0.02,0.31 $\pm$ 0.04,0.40 $\pm$ 0.01,0.40 $\pm$ 0.02,0.42 $\pm$ 0.03
ru,LogisticRegression,Random Oversampling,0.31 $\pm$ 0.01,0.33 $\pm$ 0.02,0.32 $\pm$ 0.03,0.40 $\pm$ 0.02,0.39 $\pm$ 0.02,0.42 $\pm$ 0.04
ru,LogisticRegression,SMOTE,0.31 $\pm$ 0.02,0.34 $\pm$ 0.02,0.33 $\pm$ 0.04,0.40 $\pm$ 0.00,0.40 $\pm$ 0.01,0.43 $\pm$ 0.04
ru,LogisticRegression,SVMSMOTE,0.30 $\pm$ 0.03,0.33 $\pm$ 0.02,0.32 $\pm$ 0.03,0.38 $\pm$ 0.01,0.38 $\pm$ 0.01,0.41 $\pm$ 0.03
ru,LogisticRegressionElasticNet,BorderlineSMOTE,0.33 $\pm$ 0.02,0.38 $\pm$ 0.02,0.40 $\pm$ 0.05,0.43 $\pm$ 0.02,0.44 $\pm$ 0.02,0.48 $\pm$ 0.02
ru,LogisticRegressionElasticNet,Random Oversampling,0.32 $\pm$ 0.04,0.35 $\pm$ 0.03,0.40 $\pm$ 0.04,0.43 $\pm$ 0.01,0.43 $\pm$ 0.04,0.49 $\pm$ 0.01
ru,LogisticRegressionElasticNet,SMOTE,0.32 $\pm$ 0.02,0.37 $\pm$ 0.02,0.38 $\pm$ 0.04,0.44 $\pm$ 0.01,0.42 $\pm$ 0.02,0.48 $\pm$ 0.01
ru,LogisticRegressionElasticNet,SVMSMOTE,0.33 $\pm$ 0.02,0.35 $\pm$ 0.01,0.40 $\pm$ 0.00,0.43 $\pm$ 0.01,0.43 $\pm$ 0.02,0.48 $\pm$ 0.02
ru,LogisticRegressionLasso,BorderlineSMOTE,0.34 $\pm$ 0.03,0.32 $\pm$ 0.02,0.39 $\pm$ 0.03,0.44 $\pm$ 0.01,0.42 $\pm$ 0.01,0.48 $\pm$ 0.02
ru,LogisticRegressionLasso,No Upsampling,0.33 $\pm$ 0.02,0.33 $\pm$ 0.02,0.40 $\pm$ 0.01,0.44 $\pm$ 0.00,0.44 $\pm$ 0.02,0.49 $\pm$ 0.02
ru,LogisticRegressionLasso,Random Oversampling,0.32 $\pm$ 0.03,0.33 $\pm$ 0.03,0.39 $\pm$ 0.02,0.43 $\pm$ 0.01,0.42 $\pm$ 0.02,0.48 $\pm$ 0.03
ru,LogisticRegressionLasso,SMOTE,0.33 $\pm$ 0.02,0.34 $\pm$ 0.02,0.38 $\pm$ 0.03,0.43 $\pm$ 0.01,0.43 $\pm$ 0.03,0.47 $\pm$ 0.03
ru,LogisticRegressionLasso,SVMSMOTE,0.34 $\pm$ 0.01,0.31 $\pm$ 0.05,0.36 $\pm$ 0.00,0.43 $\pm$ 0.02,0.43 $\pm$ 0.03,0.49 $\pm$ 0.02
ru,LogisticRegressionRidge,BorderlineSMOTE,0.37 $\pm$ 0.01,0.40 $\pm$ 0.02,0.42 $\pm$ 0.00,0.46 $\pm$ 0.02,0.46 $\pm$ 0.03,0.50 $\pm$ 0.00
ru,LogisticRegressionRidge,No Upsampling,0.36 $\pm$ 0.01,0.40 $\pm$ 0.02,0.43 $\pm$ 0.01,0.46 $\pm$ 0.02,0.46 $\pm$ 0.02,0.49 $\pm$ 0.01
ru,LogisticRegressionRidge,RakelD Partitioning of labels,0.37 $\pm$ 0.01,0.43 $\pm$ 0.02,0.45 $\pm$ 0.02,0.49 $\pm$ 0.02,0.50 $\pm$ 0.00,0.51 $\pm$ 0.01
ru,LogisticRegressionRidge,Random Oversampling,0.37 $\pm$ 0.02,0.39 $\pm$ 0.01,0.42 $\pm$ 0.01,0.46 $\pm$ 0.02,0.45 $\pm$ 0.01,0.49 $\pm$ 0.01
ru,LogisticRegressionRidge,SMOTE,0.35 $\pm$ 0.00,0.39 $\pm$ 0.01,0.43 $\pm$ 0.01,0.46 $\pm$ 0.02,0.44 $\pm$ 0.02,0.47 $\pm$ 0.02
ru,LogisticRegressionRidge,SVMSMOTE,0.36 $\pm$ 0.00,0.37 $\pm$ 0.02,0.42 $\pm$ 0.03,0.45 $\pm$ 0.01,0.44 $\pm$ 0.01,0.46 $\pm$ 0.01
ru,Multi-label ARAM,Natively Multilabel,0.15 $\pm$ 0.01,0.18 $\pm$ 0.09,0.18 $\pm$ 0.08,0.24 $\pm$ 0.09,0.22 $\pm$ 0.03,0.26 $\pm$ 0.04
ru,Multilabel k Nearest Neighbours,Natively Multilabel,0.31 $\pm$ 0.02,0.34 $\pm$ 0.02,0.37 $\pm$ 0.03,0.38 $\pm$ 0.04,0.37 $\pm$ 0.03,0.40 $\pm$ 0.03
ru,NaiveBayes,BorderlineSMOTE,0.37 $\pm$ 0.01,0.43 $\pm$ 0.01,0.45 $\pm$ 0.01,0.49 $\pm$ 0.01,0.49 $\pm$ 0.01,0.51 $\pm$ 0.01
ru,NaiveBayes,No Upsampling,0.37 $\pm$ 0.02,0.41 $\pm$ 0.01,0.44 $\pm$ 0.01,0.49 $\pm$ 0.01,0.48 $\pm$ 0.02,0.51 $\pm$ 0.02
ru,NaiveBayes,Random Oversampling,0.37 $\pm$ 0.02,0.42 $\pm$ 0.01,0.44 $\pm$ 0.02,0.48 $\pm$ 0.01,0.48 $\pm$ 0.03,0.51 $\pm$ 0.01
ru,NaiveBayes,SMOTE,0.36 $\pm$ 0.02,0.43 $\pm$ 0.03,0.45 $\pm$ 0.01,0.49 $\pm$ 0.02,0.50 $\pm$ 0.01,0.52 $\pm$ 0.01
ru,NaiveBayes,SVMSMOTE,0.37 $\pm$ 0.01,0.42 $\pm$ 0.01,0.45 $\pm$ 0.02,0.49 $\pm$ 0.01,0.48 $\pm$ 0.02,0.51 $\pm$ 0.01
ru,RandomForest,BorderlineSMOTE,0.26 $\pm$ 0.02,0.31 $\pm$ 0.02,0.35 $\pm$ 0.03,0.39 $\pm$ 0.02,0.36 $\pm$ 0.04,0.42 $\pm$ 0.04
ru,RandomForest,No Upsampling,0.27 $\pm$ 0.02,0.29 $\pm$ 0.02,0.35 $\pm$ 0.00,0.38 $\pm$ 0.03,0.37 $\pm$ 0.03,0.44 $\pm$ 0.03
ru,RandomForest,Random Oversampling,0.26 $\pm$ 0.01,0.29 $\pm$ 0.01,0.34 $\pm$ 0.02,0.40 $\pm$ 0.01,0.37 $\pm$ 0.03,0.42 $\pm$ 0.06
ru,RandomForest,SMOTE,0.27 $\pm$ 0.00,0.30 $\pm$ 0.01,0.35 $\pm$ 0.01,0.38 $\pm$ 0.01,0.37 $\pm$ 0.04,0.42 $\pm$ 0.02
ru,RandomForest,SVMSMOTE,0.26 $\pm$ 0.01,0.28 $\pm$ 0.03,0.35 $\pm$ 0.02,0.37 $\pm$ 0.01,0.36 $\pm$ 0.03,0.43 $\pm$ 0.04
ru,RidgeClassifier,BorderlineSMOTE,0.32 $\pm$ 0.01,0.29 $\pm$ 0.03,0.34 $\pm$ 0.02,0.44 $\pm$ 0.02,0.44 $\pm$ 0.01,0.47 $\pm$ 0.00
ru,RidgeClassifier,No Upsampling,0.31 $\pm$ 0.00,0.29 $\pm$ 0.04,0.35 $\pm$ 0.01,0.43 $\pm$ 0.01,0.44 $\pm$ 0.01,0.47 $\pm$ 0.02
ru,RidgeClassifier,Random Oversampling,0.32 $\pm$ 0.01,0.33 $\pm$ 0.03,0.34 $\pm$ 0.02,0.43 $\pm$ 0.01,0.41 $\pm$ 0.03,0.47 $\pm$ 0.02
ru,RidgeClassifier,SMOTE,0.31 $\pm$ 0.00,0.29 $\pm$ 0.03,0.34 $\pm$ 0.02,0.43 $\pm$ 0.02,0.41 $\pm$ 0.03,0.47 $\pm$ 0.02
ru,RidgeClassifier,SVMSMOTE,0.31 $\pm$ 0.01,0.29 $\pm$ 0.02,0.32 $\pm$ 0.02,0.41 $\pm$ 0.01,0.42 $\pm$ 0.02,0.45 $\pm$ 0.02
ru,SVM,BorderlineSMOTE,0.34 $\pm$ 0.01,0.37 $\pm$ 0.03,0.42 $\pm$ 0.02,0.46 $\pm$ 0.01,0.47 $\pm$ 0.02,0.50 $\pm$ 0.01
ru,SVM,No Upsampling,0.35 $\pm$ 0.01,0.36 $\pm$ 0.02,0.43 $\pm$ 0.02,0.47 $\pm$ 0.01,0.48 $\pm$ 0.01,**0.53 $\pm$ 0.04**
ru,SVM,RakelD Partitioning of labels,0.34 $\pm$ 0.02,0.40 $\pm$ 0.01,0.39 $\pm$ 0.03,0.45 $\pm$ 0.03,0.45 $\pm$ 0.00,0.49 $\pm$ 0.00
ru,SVM,Random Oversampling,0.35 $\pm$ 0.01,0.39 $\pm$ 0.03,0.40 $\pm$ 0.03,0.48 $\pm$ 0.02,0.48 $\pm$ 0.03,0.50 $\pm$ 0.02
ru,SVM,SMOTE,0.34 $\pm$ 0.01,0.36 $\pm$ 0.04,0.41 $\pm$ 0.00,0.48 $\pm$ 0.02,0.47 $\pm$ 0.02,0.50 $\pm$ 0.01
ru,SVM,SVMSMOTE,0.34 $\pm$ 0.01,0.36 $\pm$ 0.00,0.44 $\pm$ 0.03,0.44 $\pm$ 0.03,0.47 $\pm$ 0.02,0.49 $\pm$ 0.01
ru,XGBoost,BorderlineSMOTE,0.36 $\pm$ 0.04,0.35 $\pm$ 0.02,0.38 $\pm$ 0.02,0.41 $\pm$ 0.04,0.39 $\pm$ 0.04,0.46 $\pm$ 0.01
ru,XGBoost,No Upsampling,0.36 $\pm$ 0.03,0.35 $\pm$ 0.02,0.37 $\pm$ 0.02,0.41 $\pm$ 0.03,0.38 $\pm$ 0.01,0.45 $\pm$ 0.00
ru,XGBoost,Random Oversampling,0.35 $\pm$ 0.04,0.36 $\pm$ 0.03,0.38 $\pm$ 0.02,0.43 $\pm$ 0.00,0.42 $\pm$ 0.03,0.48 $\pm$ 0.01
ru,XGBoost,SMOTE,0.35 $\pm$ 0.03,0.35 $\pm$ 0.01,0.38 $\pm$ 0.03,0.42 $\pm$ 0.04,0.41 $\pm$ 0.03,0.48 $\pm$ 0.01
ru,XGBoost,SVMSMOTE,0.36 $\pm$ 0.02,0.35 $\pm$ 0.01,0.38 $\pm$ 0.01,0.41 $\pm$ 0.01,0.40 $\pm$ 0.01,0.48 $\pm$ 0.01
